asa_id,name,ipfs_image,collection_name,traits
326189642,Al Goanna 001,https://ipfs.io/ipfs/QmXkZDW83bhpcHkS6uiwUHWyqdppSqNL32mSuwyn1DMqgV,Al Goanna,{}
326197463,Al Goanna 002,https://ipfs.io/ipfs/QmQhch252LFJxyNb8Arx4XqVTRyFut8LcFkuTaM4FZLeJ9,Al Goanna,{}
328494610,Al Goanna 003,https://ipfs.io/ipfs/QmW72gSuD9HfMD3mhFuKSPDpSQ73LDKUNBGiPyKKuo5MJA,Al Goanna,{}
328495176,Al Goanna 004,https://ipfs.io/ipfs/QmY2vmeJDKaSfE6zvYPWjjZuerzkTiP34k8H6YTY8nTUXW,Al Goanna,{}
328496756,Al Goanna 005,https://ipfs.io/ipfs/Qme2WQSuxfuFtvg4vQBLxaUoJ81yHW5XJRXFX9kH5AQNzp,Al Goanna,{}
328497556,Al Goanna 006,https://ipfs.io/ipfs/QmPiDPEjA8aSfeeczy21JdzDzR2W7VkHMgfSKoun3Dq7Q7,Al Goanna,{}
328498815,Al Goanna 007,https://ipfs.io/ipfs/QmWPpfcFMAjBc5mhW1La8pfvBfo3SP4aXhyV65p4U72PW8,Al Goanna,{}
328499699,Al Goanna 008,https://ipfs.io/ipfs/QmaoApdb9LedBXgHpcnLMvpg9DCb47UPKAgrAWNtAXCEbn,Al Goanna,{}
328500390,Al Goanna 009,https://ipfs.io/ipfs/QmVS5z3EacyL2BApvrkN81XsN1gfajQiwqVmXhDwPXKVyp,Al Goanna,{}
328501539,Al Goanna 010,https://ipfs.io/ipfs/QmZmoooD6iTxtLRhVfHtVwTFPMknxTJnFiRR6q2rrFFEUw,Al Goanna,{}
328502288,Al Goanna 011,https://ipfs.io/ipfs/QmdNe6GF2KkPnkyDjr7yncK12R7sAvUHYi1436DhLESMcM,Al Goanna,{}
328503002,Al Goanna 012,https://ipfs.io/ipfs/QmdQTsafM7MsZguYBLmZ8Tbqh8c4jLomm52i3CtFeuWUKo,Al Goanna,{}
328503506,Al Goanna 013,https://ipfs.io/ipfs/QmRR3hpQe2deexLFE1EQQrM4HAiRD2Suq1WEvPAeVx5AR6,Al Goanna,{}
328504167,Al Goanna 014,https://ipfs.io/ipfs/QmVRdzW8T27ddSCvAF51MNjXWJjefLKatKuonFPaTKmgcL,Al Goanna,{}
328505062,Al Goanna 015,https://ipfs.io/ipfs/QmbaaE5Pyd91K4PyzsxK4vDFbPRZ4eQ2Y1eH6MqGcCktRB,Al Goanna,{}
328505825,Al Goanna 016,https://ipfs.io/ipfs/QmXLRZe76uSmu316cZpnxTiapjhEYL3nHPb3nu8fxEjzv2,Al Goanna,{}
328506449,Al Goanna 017,https://ipfs.io/ipfs/QmZFsRApRG1wNM1mHGL3tEgPKLqVpUpdjTFmT4SLB6XYou,Al Goanna,{}
328507319,Al Goanna 018,https://ipfs.io/ipfs/QmcufjL85LCzATQxRvUCBKdHGFAYufp28y4SKCsaxTMm8F,Al Goanna,{}
328507916,Al Goanna 019,https://ipfs.io/ipfs/QmSaHKfCzgHqLAsXLGVTX6oREXRRVGYggkCmZq5YeGqMS8,Al Goanna,{}
328517537,Al Goanna 020,https://ipfs.io/ipfs/QmNu6SxU2iFwULEyehn9Eswf4Rx3boGDbhf9jZf8aXiFKi,Al Goanna,{}
328520459,Al Goanna 021,https://ipfs.io/ipfs/Qmb9rrBP423uABhEEMhVVLKY9dHHW99NY5NYxn2manLrkT,Al Goanna,{}
328521744,Al Goanna 022,https://ipfs.io/ipfs/QmYaUz7pW1NpmpU1gqvBMTDBAbMGpuDgS9L7XSdYc3fZw1,Al Goanna,{}
328522422,Al Goanna 023,https://ipfs.io/ipfs/QmX2gGCWAAvAogeh4TY8SF4c6RHzWPmqRXZusiobEk18ga,Al Goanna,{}
328523922,Al Goanna 024,https://ipfs.io/ipfs/QmPBxw6EbjWFW1V8zsdc5gHtj87j3pLrvEggyWmhiQArWj,Al Goanna,{}
328524762,Al Goanna 025,https://ipfs.io/ipfs/QmWxUWbMRfG1fvdopnk1erw6EnY9D8ANrhWEkMfApgXMr5,Al Goanna,{}
328526043,Al Goanna 026,https://ipfs.io/ipfs/QmQRoqsY5YBzmwY1h37fMTgdKbrpekNoEYwt9MigJFkkND,Al Goanna,{}
328527340,Al Goanna 027,https://ipfs.io/ipfs/QmWVaKhnfbWsRzgrHMy8xjtWvhZkdpwCnjWe22b5EnMwUw,Al Goanna,{}
328528518,Al Goanna 028,https://ipfs.io/ipfs/QmcDmQQmg6WPJwfs9fwqQ43Egf6riF1g6mM9GCP7HL5uyU,Al Goanna,{}
328530483,Al Goanna 029,https://ipfs.io/ipfs/QmYvuhuUnQHNnhHcDVi2PjdEfP6cdRvEZ9er5JN3bsVE8J,Al Goanna,{}
328536863,Al Goanna 030,https://ipfs.io/ipfs/QmaimHjXxmt5wUGVjfZ2X7zhP9TDRNnGeuUBNZBDEvtCGJ,Al Goanna,{}
328537993,Al Goanna 031,https://ipfs.io/ipfs/Qma11SZ7kQyjseFYBEToKcTEq7TubvfPEw2iWmV7A2JenQ,Al Goanna,{}
328539074,Al Goanna 032,https://ipfs.io/ipfs/QmbDL74xSa1BGFUKwKULcmJp5ton7dyj1E9jxnunAXzgEb,Al Goanna,{}
328539965,Al Goanna 033,https://ipfs.io/ipfs/QmdnqoNc8sQAQP1fUyNdkBv2Vvy6WyRnqXTeBLj2PVRTDP,Al Goanna,{}
328540781,Al Goanna 034,https://ipfs.io/ipfs/QmVQa4E59tQxkoX4oiT13Wn4HSUBmNLTHVRPYfJme7hGuA,Al Goanna,{}
328541524,Al Goanna 035,https://ipfs.io/ipfs/QmPM8dmoWCsgm5isfjhH5S4Mpf9MQJZy1eU8MukvD7GPXR,Al Goanna,{}
328542664,Al Goanna 036,https://ipfs.io/ipfs/QmXHdJbqt1aAghKxYJV7cjkXHT7DJDW8vf1BiXyfbabhRJ,Al Goanna,{}
328543527,Al Goanna 037,https://ipfs.io/ipfs/QmUseVtKbyRA4XESr8DLPprwt632u9CEeF1chmPtiAxnfX,Al Goanna,{}
328544786,Al Goanna 038,https://ipfs.io/ipfs/QmVureGAoziivDFP91D6K3tEZ4zE4pafJQX7G8BR4d2bQW,Al Goanna,{}
328545759,Al Goanna 039,https://ipfs.io/ipfs/QmYJ9TFCYZTyHwWuJ1ftUR9QUFu5vseh61QBi2exrUTki1,Al Goanna,{}
328546381,Al Goanna 040,https://ipfs.io/ipfs/QmfAPPSCjZ1vzeXJ3sMRvGstnWCj8QUhYP6BUfbgrj1gCC,Al Goanna,{}
328550271,Al Goanna 041,https://ipfs.io/ipfs/QmcuxKftjFLoANibPpHnrkdSP146Z712Au276vuAiHbHgt,Al Goanna,{}
328558722,Al Goanna 042,https://ipfs.io/ipfs/Qmbum5XXvJUkLzfHK8GcSFTN69Ark8W1YKGfKkNufsDRNT,Al Goanna,{}
328559225,Al Goanna 043,https://ipfs.io/ipfs/QmQC6BagM3eBPA8SU4KRLVznQCxXchgTRJoC4UrsBq56Af,Al Goanna,{}
328559956,Al Goanna 044,https://ipfs.io/ipfs/QmWvfuxrA6k17tudUkZP3o7A2YFeq9zmT2GUE2fNjCPKoL,Al Goanna,{}
328560895,Al Goanna 045,https://ipfs.io/ipfs/QmdrxA83CVfnmLcz9UEQnRwdCbbV6sRkV7gR9iSpkLdxnq,Al Goanna,{}
328562025,Al Goanna 046,https://ipfs.io/ipfs/QmPwwRoyCrRTJRfbPFK9WsxMRH4VMBv1k3xWHoFxNzzrg2,Al Goanna,{}
328562778,Al Goanna 047,https://ipfs.io/ipfs/QmeT4czVyyxYTT1tfroj6XmRc4LDWVQuERyoBmCX2CycdF,Al Goanna,{}
328563689,Al Goanna 048,https://ipfs.io/ipfs/QmRgpcMuwgeg7KZr1qmMJkJpaPnW7Cwd5u29ReC4CmAKDx,Al Goanna,{}
328565014,Al Goanna 049,https://ipfs.io/ipfs/QmW532T6kB2vGHXur87XAEwZ6sXZewvqbQUaNFKc6HtRyX,Al Goanna,{}
328566193,Al Goanna 050,https://ipfs.io/ipfs/QmSe43EPHqD9B3NKubFzinhpHMgg9TTf3wv3rF1UYRQ1ZA,Al Goanna,{}
329839470,Al Goanna 051,https://ipfs.io/ipfs/QmRLfcgYzthfZPDoYSf8unFLVsXL25A2z3pTFSHTCXoXqS,Al Goanna,{}
330597170,Al Goanna 052,https://ipfs.io/ipfs/QmP6btimge37muxWxuahxXKxavLZDYGXsU7cnLnirSu51R,Al Goanna,{}
330598116,Al Goanna 053,https://ipfs.io/ipfs/QmPUMSh45WYuRsvSxsyZ7F1xsRswWUjNZATxtyD29hFZ4k,Al Goanna,{}
330598680,Al Goanna 054,https://ipfs.io/ipfs/QmUh6wyh1RuiS6EieVR2je9Qq1vBwdsXCu96YFhARquNRZ,Al Goanna,{}
330599549,Al Goanna 055,https://ipfs.io/ipfs/QmWQo6jRQ4guB7iRJqk8XF4nxh4Wb5t5vjD7scmx1WELiW,Al Goanna,{}
330600155,Al Goanna 056,https://ipfs.io/ipfs/QmdNAuevoJKLuTu5fDNQiRjqz72jjbfxG2Rj1eT9yA5VGU,Al Goanna,{}
334782287,Al Goanna 057,https://ipfs.io/ipfs/QmSFuNjVVLVT6fETC7Rup9hLEzRkvaDztRHGxoLGnPiCa9,Al Goanna,{}
334783124,Al Goanna 058,https://ipfs.io/ipfs/Qma8QF3Je6FABb7ntQjPRZw379KAfvADPiyr63dSsutVgh,Al Goanna,{}
334794211,Al Goanna 059,https://ipfs.io/ipfs/QmeaXHM8BUrtM2AdCWDretDhbM1CNeCPWyKf515sHhVUuD,Al Goanna,{}
334794938,Al Goanna 060,https://ipfs.io/ipfs/QmRgqvS2Cxh4sCky6VQMcxzCiRXApwJR2Y54pGMt9qJSF1,Al Goanna,{}
334795728,Al Goanna 061,https://ipfs.io/ipfs/QmY6h1GUdaRZRHLbmUnXpVVo2zEkJHMhTWzADCvMmqmqxF,Al Goanna,{}
334797107,Al Goanna 062,https://ipfs.io/ipfs/QmXuUkLkSeDKmpq568wxP1JqfCDiFPEFasvYQZVMD4f6vU,Al Goanna,{}
334797672,Al Goanna 063,https://ipfs.io/ipfs/Qmedno5Ty7qe18VH8tM5hy3ZTNcmaxANNAN53frxTEh36o,Al Goanna,{}
334798386,Al Goanna 064,https://ipfs.io/ipfs/QmYv2G151RETggYWmEsZ2U7fD9Eb8SRLGkafVRcnvphPfm,Al Goanna,{}
334799499,Al Goanna 065,https://ipfs.io/ipfs/QmeCtWYmfnMecMbDnyBZft47BvEfdDDL6FP2stbfYBo68A,Al Goanna,{}
334800560,Al Goanna 066,https://ipfs.io/ipfs/QmXmTPWLXrsACqipYxAoryzPy1madANgZ74zENSqb82b2y,Al Goanna,{}
334801479,Al Goanna 067,https://ipfs.io/ipfs/QmQFkLfUhkSqRADxn3ht4CUGTD9eBopqUTcYFEZn8psoBE,Al Goanna,{}
334802763,Al Goanna 068,https://ipfs.io/ipfs/Qmd7BMQkCBP8yixFytrLnnz99B7Mva26foCtZFjYwuN6ie,Al Goanna,{}
335090720,Al Goanna 069,https://ipfs.io/ipfs/QmZGE3P46woxnChqophJUEfnraxtBN6dfMVRSjzP2VYoft,Al Goanna,{}
335091495,Al Goanna 070,https://ipfs.io/ipfs/QmcpDAsZ3urY3Xijvc6SQVWQyqAgWSv9EcJPXjV71YCj1h,Al Goanna,{}
335119178,Al Goanna 071,https://gateway.pinata.cloud/ipfs/QmTFhZMZtHRQEBg7kA4vKB5wJs73zer6zbWd9SFQqSupwv,Al Goanna,{}
335121926,Al Goanna 072,https://ipfs.io/ipfs/QmVSCcD2D5tTvoW4Yz8dbrzdSu3ZPB41PHRVe5DpKSEg2S,Al Goanna,{}
335127139,Al Goanna 073,https://ipfs.io/ipfs/QmUzmk58uiFgSZJ2i5ExbHqthwwxU3wDGBzhLYnbxGs6k7,Al Goanna,{}
335128012,Al Goanna 074,https://ipfs.io/ipfs/QmcceoRjwgvBJkxPomGSb1FmHEmyM35MoYyG4XJ2DD4Zm9,Al Goanna,{}
335130906,Al Goanna 075,https://ipfs.io/ipfs/QmYEcfTXLrH9gfNxn741vVBgwkPdu7eD6g1Anwxt5kdnCL,Al Goanna,{}
335131430,Al Goanna 076,https://ipfs.io/ipfs/QmWiwyYy2NebiQtE3w6yK3f8uuweShcjDNkSRfhjHnYyZg,Al Goanna,{}
335136344,Al Goanna 077,https://ipfs.io/ipfs/QmYu9s6axyLP4DDJkYeJf1ESuL1XBxufPBytv8syzFNekj,Al Goanna,{}
335136993,Al Goanna 078,https://ipfs.io/ipfs/QmTSgZy84ddzFe3iaf8gkcuk5T3o3NfegBSmKTaY1Ss5Ey,Al Goanna,{}
335137631,Al Goanna 079,https://ipfs.io/ipfs/QmQthCC7C71tANKKE8r23tcXYcApD54b9DazU4WfqgPrxg,Al Goanna,{}
335138360,Al Goanna 080,https://ipfs.io/ipfs/QmdCFMsCroMJFLbuBo6i8D9Vnra2jjnDFmVVkQfG7whvak,Al Goanna,{}
335138808,Al Goanna 081,https://ipfs.io/ipfs/QmdyrJ5eoF2d31cMMPE52DhAPiVdzYcja8zPnaZ1MLQMdV,Al Goanna,{}
335139687,Al Goanna 82,https://ipfs.io/ipfs/QmUkqvJ7KZQcdDgpBoDfsyJyzVcQsgQRgERHjffFGmeRP8,Al Goanna,{}
335140288,Al Goanna 083,https://ipfs.io/ipfs/QmfV8J77BiSwcCxwhKWA5LkagNsUL35jQGxdTQLkdp8KjR,Al Goanna,{}
335141021,Al Goanna 084,https://ipfs.io/ipfs/Qmb3SVN2w2gsdB8emcr6NaSmKXsYA436LYEz6BJoixJ6wj,Al Goanna,{}
335141503,Al Goanna 085,https://ipfs.io/ipfs/QmXZZe1xFrYYr9PcPuVM5NG9wPv3bH8w53VyP8ax2XXgVJ,Al Goanna,{}
335149637,Al Goanna 086,https://ipfs.io/ipfs/QmV8KMLgm5HNfHLS9ar2LWeU4DdqSvVtkakKCSK9BUEex6,Al Goanna,{}
335150149,Al Goanna 087,https://ipfs.io/ipfs/QmQZyrWbLAx7QnvF5vTp2M5RQvmVynQqUWNRwiVBin6rwy,Al Goanna,{}
335150903,Al Goanna 088,https://ipfs.io/ipfs/QmTXyCvyGV5ec2yt7MPiky6ARsTfB28Um4T8UwpibrLhvK,Al Goanna,{}
335151590,Al Goanna 089,https://ipfs.io/ipfs/QmeopW8DbSLBjnoWoRmEZAWWN6djRAEizFSU23Zojcbx6v,Al Goanna,{}
335153323,Al Goanna 090,https://ipfs.io/ipfs/Qmcmy337H4gHGBZx9ReL7URSs82uQFNRnETe8k25AHdm1v,Al Goanna,{}
335154671,Al Goanna 091,https://ipfs.io/ipfs/QmWFwBDHfiNbb3oyiLjxHcnHD8iZirftQKsvDuGa2ZTi8z,Al Goanna,{}
335155248,Al Goanna 092,https://ipfs.io/ipfs/QmTiryoD1ceciA1YcFopq3PZukSCXeg4AnaiBs9mTvtGZQ,Al Goanna,{}
335155944,Al Goanna 093,https://ipfs.io/ipfs/QmcoGNuQRTSXLWcBEdvvuzA94ZwkiY5poywnWTafYbW4Uo,Al Goanna,{}
335166547,Al Goanna 094,https://ipfs.io/ipfs/QmdAMqixGwBeA5ZMPCD1enDZ4oUeTNjsXLTK8tLFrb8CBA,Al Goanna,{}
335166961,Al Goanna 095,https://ipfs.io/ipfs/QmStxbsvx8cVhodN9w56UEdsDBjGUKryhfz5sBfZM61KKo,Al Goanna,{}
335167490,Al Goanna 096,https://ipfs.io/ipfs/QmcfYYVs881LFCEDyxU7b1MRjX4qiRcQB5c5p3iTfKgntZ,Al Goanna,{}
335180015,Al Goanna 097,https://ipfs.io/ipfs/QmQTfxe9LAudDFxigLiE6D4C9XUPCYH1sxUvnV4EErf7nn,Al Goanna,{}
335181136,Al Goanna 098,https://ipfs.io/ipfs/QmdbaJryB41Z2adbJ21k9CmoYTLK9BJ3NwAwa57MHAd4dZ,Al Goanna,{}
335181726,Al Goanna 099,https://ipfs.io/ipfs/QmQ4HR1ULVMYvintbDx1CqqDjeFGZEuztrFPHdVW3CCph8,Al Goanna,{}
337012363,Al Goanna 100,https://ipfs.io/ipfs/QmX9mozT4wwcmiuRokagLkfyxtiKvSqHSUNwhwhy5biYvJ,Al Goanna,{}
337012926,Al Goanna 101,https://ipfs.io/ipfs/QmdsgWRdWvoxV4Faq4d3LAE6viAs3VRXGp83N1ZzjhVYDw,Al Goanna,{}
337013855,Al Goanna 102,https://ipfs.io/ipfs/QmNSLhTWkgqTzvY2nzWKqYNTeiPHmuAPSEgZjGkVG4Lrix,Al Goanna,{}
337015250,Al Goanna 103,https://ipfs.io/ipfs/QmWWWigfEmY4rEPCFhXV35bWtiYJaPBKEtQUiKxVksdsD2,Al Goanna,{}
337015576,Al Goanna 104,https://ipfs.io/ipfs/QmerBvvSX7cQ8E5aX9iG1XTaG2QZFMG9orsKRemxGMiCer,Al Goanna,{}
337015864,Al Goanna 105,https://ipfs.io/ipfs/QmWKRb9HBWG8wpWwUSnsUC9NZjDSYFoa95eBYWZtj82co4,Al Goanna,{}
337016411,Al Goanna 106,https://ipfs.io/ipfs/QmdvxkqEKU5EcnsQR4ru8Y9SCBGYZpxMYD9CFSzmWJv6eZ,Al Goanna,{}
342574076,Al Goanna 107,https://ipfs.io/ipfs/QmRcpkEnQH4GAMoZmpZzRoXVLHJF5XfX33uPu6QFWMwsUe,Al Goanna,{}
342574643,Al Goanna 108,https://ipfs.io/ipfs/QmYRszKg1e7e9eiQEMa2qKWs7v6Sw3xCuBqhCA2kyY5vv8,Al Goanna,{}
342575058,Al Goanna 109,https://ipfs.io/ipfs/Qmbd3vBd6YN3tVPTfU4iwmPPZxuyZZaa68Fqisw2Sjn6jM,Al Goanna,{}
342575821,Al Goanna 110,https://ipfs.io/ipfs/QmXczoqjjiL4wKkMeoWzbPhuLh11k2a4YMEgyAktxLHaCm,Al Goanna,{}
342576301,Al Goanna 111,https://ipfs.io/ipfs/QmXzSowYwx97ydVSR5SFzzwncSb3zqyPm3XixDXuyFZDSB,Al Goanna,{}
342576919,Al Goanna 112,https://ipfs.io/ipfs/QmY9earkhagK7zxaAQp63yPA6MpF578yZMpbJEAHLGy9LZ,Al Goanna,{}
342577575,Al Goanna 113,https://ipfs.io/ipfs/QmWMeNcmChaZKC6WyYR2ME5ZETmprZAyyvLvB5ecnQmjC2,Al Goanna,{}
342578683,Al Goanna 114,https://ipfs.io/ipfs/Qmc72Z43GxAawwJtpQLMf4MTZ3gfbx4jzyupRJae87rvJr,Al Goanna,{}
342579388,Al Goanna 115,https://ipfs.io/ipfs/QmaEw1EW75ev4bPqxd1kiALzJRUYt6XRiaWJsu51SnapaE,Al Goanna,{}
342579915,Al Goanna 116,https://ipfs.io/ipfs/QmUPvnui48ukNhMUKaDManFrNZgt2xFa9Fmdd9xwLRviDo,Al Goanna,{}
342581684,Al Goanna 117,https://ipfs.io/ipfs/QmZQQoc6rPPm4GYP7BVqTHuzQ2BdHSHaPWAvwi5pyR7wvn,Al Goanna,{}
342582343,Al Goanna 118,https://ipfs.io/ipfs/QmaTgBi6DE8yfmFXhiKdX3G4xkSqxWScD3zs9Ugmnd7k49,Al Goanna,{}
342583034,Al Goanna 119,https://ipfs.io/ipfs/QmVVzg16zGaAGT9E3eCbubD5NkKVrKcmuDW1Yrr7Jvk48H,Al Goanna,{}
342583957,Al Goanna 120,https://ipfs.io/ipfs/QmPdXbtwnFfMcgdNUsCXHzktrAWoWCzAm6cSFN3GbuWtZk,Al Goanna,{}
342584684,Al Goanna 121,https://ipfs.io/ipfs/QmSfT3vPUwCabdDwiw9qgkccaoxUeyV55sEvU2cHrj4eb6,Al Goanna,{}
342589913,Al Goanna 122,https://ipfs.io/ipfs/QmVRyZQK7bec6eQJW3yAm2Utuoc2eM5X74a9BG4GDGJ4wB,Al Goanna,{}
342591190,Al Goanna 123,https://ipfs.io/ipfs/QmQ2HqP3Ym6D2isFyQxfwUNeSMcRc541uao5tr5xzF4WN5,Al Goanna,{}
342592000,Al Goanna 124,https://ipfs.io/ipfs/QmdaZWtSVtpLL5mXogqXHRZPb7Sfo8gRRhU2NXTWcFQDG9,Al Goanna,{}
342593153,Al Goanna 125,https://ipfs.io/ipfs/QmXf8Dehn3PeBTiyiBY7iXMXVqBC98NQUNy6c92e57mBQ6,Al Goanna,{}
342594016,Al Goanna 126,https://ipfs.io/ipfs/QmW3CiAAtEs3zfyEJUwrq8KocyjM9bq1gJAjjGPXQYdUbM,Al Goanna,{}
342594798,Al Goanna 127,https://ipfs.io/ipfs/QmaEg6baBwteBcufGNYZisPJAykDKkTsVAtN71kJq3kevx,Al Goanna,{}
342597464,Al Goanna 128,https://ipfs.io/ipfs/QmPqAjQKS39gyuQR8mcySekuErp3LbrHErZTHDrDDf9JB3,Al Goanna,{}
342598236,Al Goanna 129,https://ipfs.io/ipfs/QmXVD8mcHMHcN7J3PVRbaf9xkzGgnx8rEuhAu4q5jtjF1U,Al Goanna,{}
342599162,Al Goanna 130,https://ipfs.io/ipfs/QmUyyu7jbwx9qdEvhA1PkgZG7mko8zTRKkTzp6t3RT5FAM,Al Goanna,{}
342600767,Al Goanna 131,https://ipfs.io/ipfs/QmRsQdt1mfjb4S2UW7qXbEAefrPyDofF8vYhFER9mZmSwJ,Al Goanna,{}
342601496,Al Goanna 132,https://ipfs.io/ipfs/QmQikdWpkPomhQZmnXJBt9uZCdStG39aQQ8UXvxAzqBX7o,Al Goanna,{}
342602142,Al Goanna 133,https://ipfs.io/ipfs/QmUHqFM3gUHYcDoQ9nMeiz5MC6ywrRqCYS2FQyDpkFc6LL,Al Goanna,{}
342602925,Al Goanna 134,https://ipfs.io/ipfs/QmWn9UpJHv5GFtP2qfnhRoCcAJQLP7yQh7gD1J1eegWaXU,Al Goanna,{}
342604022,Al Goanna 135,https://ipfs.io/ipfs/QmSu1N2i8PVbEitzrWUw7uWKr2zTQBzNt63ftrjNnTfuX3,Al Goanna,{}
342610168,Al Goanna 136,https://ipfs.io/ipfs/QmRUdC2BnWYqgXgUkGcVuqzpwm8AcoBwNa2ARSyU4qcRoz,Al Goanna,{}
342610860,Al Goanna 137,https://ipfs.io/ipfs/QmSp1Vg1WJr5wR1Ae4eFF56YVnepHgZouPKVtp7rTh35jy,Al Goanna,{}
342612630,Al Goanna 138,https://ipfs.io/ipfs/QmWaGVMQG256d1SYUqmAknG4Ajs4eBbY1E1Ufoif4gyHT7,Al Goanna,{}
342613206,Al Goanna 139,https://ipfs.io/ipfs/QmRY1hytKMjiV8eV3fPgYK1UiJ6FrQXgdoTjTnTb6jUaME,Al Goanna,{}
342614640,Al Goanna 140,https://ipfs.io/ipfs/QmWvP7mvq3ju9MJBQFwRFpicGjR52wEkbNMG5PzKb1HEtF,Al Goanna,{}
342616181,Al Goanna 141,https://ipfs.io/ipfs/QmQakwb47XppnEkiSRFYH4ywnEvHGmfZFyU74apM9L4yHJ,Al Goanna,{}
342617512,Al Goanna 142,https://ipfs.io/ipfs/QmQra1ZBKEBmzUpK2vFR8NnsmmRvCMzCw3HAewW2ap8nkm,Al Goanna,{}
342618350,Al Goanna 143,https://ipfs.io/ipfs/QmT2BjFDyocxXdHtUThUE4QMbGcbFK1aBFJhHXjKdEdZfh,Al Goanna,{}
342629086,Al Goanna 144,https://ipfs.io/ipfs/QmThFQQnsjshPFPYTgQLcWLZ5KsqydQQVSUPLLwUpAd5So,Al Goanna,{}
342629720,Al Goanna 145,https://ipfs.io/ipfs/QmXPtGh4UHbMict3gaypWPDD4gizan9nyTJj9V5pb67xfg,Al Goanna,{}
342630781,Al Goanna 146,https://ipfs.io/ipfs/QmeG4NBSXDRYi7KJ3ByFMy8xVppTdvPTgB3g7F4Cu23sMv,Al Goanna,{}
342631450,Al Goanna 147,https://ipfs.io/ipfs/QmPUuQVHVgv5Vfe1PBx85MhCEJaGfxXwjom7hwRLFncBvJ,Al Goanna,{}
342632405,Al Goanna 148,https://ipfs.io/ipfs/QmQHqodKSXgffNp6Dv7eHrKqfYZZxWn6QCoTxrP9AMqbzn,Al Goanna,{}
342633196,Al Goanna 149,https://ipfs.io/ipfs/QmXitZqt5MWZjjT5C3DjD3Detfd4EcWPKDKUpNpdJ8cY3E,Al Goanna,{}
342634204,Al Goanna 150,https://ipfs.io/ipfs/QmSSH6V1k7VM7ojGnKAYeoHsbXAne8QPjFPzuBvX4tjp72,Al Goanna,{}
342634860,Al Goanna 151,https://ipfs.io/ipfs/QmbTAKyyecjzYrqEw6FcWcM83tk6tYP149mdcN1o1Mh8n2,Al Goanna,{}
342635929,Al Goanna 152,https://ipfs.io/ipfs/QmfYpkkYZGjyU8hSSbG34ojraovScQsHqk8uP8RwgB7m9p,Al Goanna,{}
342636903,Al Goanna 153,https://ipfs.io/ipfs/Qmf5fTUPWvgeWNLpH4MDCwXpBBn2ZWhEWJQwAqEiSC5h8L,Al Goanna,{}
342638033,Al Goanna 154,https://ipfs.io/ipfs/QmRHox2wvhiHaicu5qxU97sPCLEbXRFxoUmtJih16iVdzG,Al Goanna,{}
342638767,Al Goanna 155,https://ipfs.io/ipfs/QmeQ8TqXgoJXZpRMKwqZHs8v8W7fdNXG99KVyq3TLWDVhq,Al Goanna,{}
342639884,Al Goanna 156,https://ipfs.io/ipfs/Qmetr1us8fWz8maaCxumCfYU2ohmUr8CjKt5rvfscbwm2c,Al Goanna,{}
348421186,Al Goanna 157,https://ipfs.io/ipfs/QmY7uXh6trsLUB9MCsjpzBw7VmsRPvV9a1vLqpA9riXpdR,Al Goanna,{}
350960333,Al Goanna 158,https://ipfs.io/ipfs/QmahK38vFEYvYrsjwMeFoGRMisxrdaC9ci5D3jk395HREV,Al Goanna,{}
350961963,Al Goanna 159,https://ipfs.io/ipfs/QmatcnEG6eywTLbaKHADpCerJeffcLDjVj7JbbTn68jgFh,Al Goanna,{}
350986326,Al Goanna 160,https://ipfs.io/ipfs/QmQ9FJLXbMStzbLfZwM44SPdGoQh9U1xikN8ijeBsFksyg,Al Goanna,{}
350986888,Al Goanna 161,https://ipfs.io/ipfs/Qmc35D5B3gy4hxnUZmnQHvAdP6z79D6W4YA2uVw77WFg2x,Al Goanna,{}
350987324,Al Goanna 162,https://ipfs.io/ipfs/QmV5W1hsxEFNinpiBGgKqB5QESvXzQzhW1AvwdwyLQ4qAF,Al Goanna,{}
350988162,Al Goanna 163,https://ipfs.io/ipfs/QmWPceTtBAq7YgSC9uivNAkowvhkq6iEmsptBgzSrvqycE,Al Goanna,{}
350988713,Al Goanna 164,https://ipfs.io/ipfs/QmWJRPLH3bzxRRF4TVn8Xf361N42csgqYx6vQpK4RMopiS,Al Goanna,{}
350989295,Al Goanna 165,https://ipfs.io/ipfs/QmdykyxybGY3E6wjQQd1V7tyGxHASUfCjKB8L8CoL6s4Wq,Al Goanna,{}
350989983,Al Goanna 166,https://ipfs.io/ipfs/QmUQMtUkPXsRzWmNA8f4K1De8jQSmvLqZqaqruHNo2BVgF,Al Goanna,{}
350990941,Al Goanna 167,https://ipfs.io/ipfs/QmWFaEB7gSZPCT7C8Zmymur4FqbjeSatuJwYz1zWuLfb2g,Al Goanna,{}
350992075,Al Goanna 168,https://ipfs.io/ipfs/Qmd5eubCnSqtzfhvVYJu8Qwhy8Lp54voSXvwFmVbMr4nud,Al Goanna,{}
350992944,Al Goanna 169,https://ipfs.io/ipfs/QmSuNySn8VvWyX4XW2LiYnxi4etY8C9wD4bZRcYWArXU4o,Al Goanna,{}
351018216,Al Goanna 170,https://ipfs.io/ipfs/QmS434omAN9333EaCMsqucqeHQAuSWMB8FkyqPhpz75w95,Al Goanna,{}
351035082,Al Goanna 171,https://ipfs.io/ipfs/QmcK9KTyWhUg5YoPPpVfEF8pCHWJAkKaxiQbXPh6q2ZomQ,Al Goanna,{}
351035582,Al Goanna 172,https://ipfs.io/ipfs/QmXUNxcMywqQWA6hYXXRQ7U1pEBHCHD9eN15sUsVQADoTg,Al Goanna,{}
351036049,Al Goanna 173,https://ipfs.io/ipfs/QmXMuBLhjuk7pmBmSiWJKTGTCCAnRmbDakNRKJW8wvuBfQ,Al Goanna,{}
351036402,Al Goanna 174,https://ipfs.io/ipfs/QmTfAKsWT8zSQjTyPaLcptwA7wn71FBNa6TcjEhEh526oa,Al Goanna,{}
351036782,Al Goanna 175,https://ipfs.io/ipfs/QmZJwpSEkGqFkjWG9jctVv2WQ5q21D91vKBVMi43mbJP4j,Al Goanna,{}
351045432,Al Goanna 176,https://ipfs.io/ipfs/Qmct9sJsiPFSWPcGTavXAEwXxc32qXk2jGQMn1Z7xUvDY3,Al Goanna,{}
351045938,Al Goanna 177,https://ipfs.io/ipfs/QmQygZBU5AjSFrwSP3gGcXPHYbWpcS7gPG8ZfAVL5Md2WN,Al Goanna,{}
351046296,Al Goanna 178,https://ipfs.io/ipfs/QmfWSK77EDa7TzC4opQxh9aCicFLS4PyizLfCpBEMEsnS4,Al Goanna,{}
351046627,Al Goanna 179,https://ipfs.io/ipfs/Qmc4n52XUSy8vySAnVipVc3zkdu1EHY9LqGcSE82eW3sJe,Al Goanna,{}
351047051,Al Goanna 180,https://ipfs.io/ipfs/QmQ5qWYyVF261YPV9j7zHzxF8cJKz8fsDhQujw88izDgKv,Al Goanna,{}
351048078,Al Goanna 181,https://ipfs.io/ipfs/QmU6LdVEZmu38MUzhpZzp4uvGt7UuAHVA7ghWGeVEt9eeP,Al Goanna,{}
351049039,Al Goanna 182,https://ipfs.io/ipfs/QmWxpnLjFBqtBfS6R6PNPL25qr38pic8brfqsDfrnQWbkt,Al Goanna,{}
351049598,Al Goanna 183,https://ipfs.io/ipfs/QmQtJst24ykx7pXvcTgk9nUdyobNoqiP3VTvoAQ2LcbX6D,Al Goanna,{}
351056027,Al Goanna 184,https://ipfs.io/ipfs/Qme1QsqgEJjaagNLEUmQgqgQYGq9rpvip45rZMzXTyK6ot,Al Goanna,{}
351056633,Al Goanna 185,https://ipfs.io/ipfs/QmTcWKxNJfJSUuR7jjdAu44Y5TQjhwsmC4LMFtV5uJE7sa,Al Goanna,{}
351057416,Al Goanna 186,https://ipfs.io/ipfs/QmPdPTiaw1LiBMEpNtpqW4DmxXpLiJ3eci1gPvawWmd8Wr,Al Goanna,{}
351058084,Al Goanna 187,https://ipfs.io/ipfs/QmTrjp7TpuvBXTGGSvurmawotzcNGjvWRjoB3VeAyyAWwv,Al Goanna,{}
351058627,Al Goanna 188,https://ipfs.io/ipfs/QmfCno6oxy3k755ZjxNQzuD7VF2auK13ryCBR9TmuNkm6Z,Al Goanna,{}
351059326,Al Goanna 189,https://ipfs.io/ipfs/QmcDXTX43V1h6A5MkRBTq6wofFTT3GFRZSdZ8w28oCZU32,Al Goanna,{}
351120479,Al Goanna 190,https://ipfs.io/ipfs/QmRyFrgTzPitnoRvQRkDSHUYiZZVuRYhW28pSehswgPToM,Al Goanna,{}
351121162,Al Goanna 191,https://ipfs.io/ipfs/QmbzqtR7mBk1mR666dcnSNCHT6MaejN7TCsBrEhqbvZg8L,Al Goanna,{}
351121689,Al Goanna 192,https://ipfs.io/ipfs/QmWwkzcsc33GgYvDrPRNQHEpGB5JK3upGnNFkN3Tp1tkzV,Al Goanna,{}
351127310,Al Goanna 193,https://ipfs.io/ipfs/QmWNaAjPjg3eQeQZgm7k3iRGhAoZbRh1dztVNVXJhcr5SB,Al Goanna,{}
351128646,Al Goanna 194,https://ipfs.io/ipfs/QmShtYmKVikxRASSoU7vKCoeC6vDRDhcHdkJjtg11zQ5EG,Al Goanna,{}
351137771,Al Goanna 195,https://ipfs.io/ipfs/QmV5B91UGaNLMBjTuP1jgVLRrxwc4pHvHso54dxnXwB7wQ,Al Goanna,{}
351140993,Al Goanna 196,https://ipfs.io/ipfs/QmchxpwSpvbfjL4aphBecyEJTjckgmaQS8P2AzYA5Pnw9g,Al Goanna,{}
351142474,Al Goanna 197,https://ipfs.io/ipfs/QmYKUMbnRKY2hvNTFCYjaV3xatSLMESXYZJLqLRBf5EGVw,Al Goanna,{}
351143875,Al Goanna 198,https://ipfs.io/ipfs/QmUnoVFsS6jRUCWXKidJ3viMDyLey5JQ99rGxXqonhFJTs,Al Goanna,{}
351147149,Al Goanna 199,https://ipfs.io/ipfs/QmRSrhEKbNdn9VyATyXohQCdMXQi2uSBHoe1mMnXY3iuUe,Al Goanna,{}
351147615,Al Goanna 200,https://ipfs.io/ipfs/QmNXrB1nV3BsUcxmTuJnbwMWiYkoLCdSrrSF8cWm1bpP7Z,Al Goanna,{}
351148747,Al Goanna 201,https://ipfs.io/ipfs/Qmd9vm238jmQ9Afd8rCpyzqU4LX2e6VozJyhNX8wM6PuR1,Al Goanna,{}
351149755,Al Goanna 202,https://ipfs.io/ipfs/QmXTJTdXoe7dZorMDsGR6px1yKADZ4MFSqYpGw4QcSdjM6,Al Goanna,{}
351152918,Al Goanna 203,https://ipfs.io/ipfs/QmXvm3Qz5md46RDqNLWgA9W8jDo3AyGhYvTYYb5TVwKCy4,Al Goanna,{}
351159041,Al Goanna 204,https://gateway.pinata.cloud/ipfs/QmdWyWbgDD6hFJMyt9i5aUFQ5tKkJERkN7pjivRgevwimJ,Al Goanna,{}
351165061,Al Goanna 205,https://gateway.pinata.cloud/ipfs/Qmco7qticsrNzSyekr8v4uLKVMK1NcyuJ7iunbWRM7i83X,Al Goanna,{}
351165507,Al Goanna 206,https://gateway.pinata.cloud/ipfs/QmbFQXd8gaxyvYmhhAC8b37UjRgKGsz6Lij6cyxxQSSuMh,Al Goanna,{}
351165928,Al Goanna 207,https://gateway.pinata.cloud/ipfs/QmWaYoEsHyAyGVfnAw6ynJnwmLrD7k186sh4u9CQ35BHb2,Al Goanna,{}
357805558,Al Goanna 208,https://ipfs.io/ipfs/QmcFno1oy2D727HLd96neet5NpVBjFGTQfRuE1Jvuoyvfa,Al Goanna,{}
357806075,Al Goanna 209,https://ipfs.io/ipfs/QmZCYCcyNm6jDMv9b5JUQ8SxYHbcxp1HxYm1UAYJZozhyr,Al Goanna,{}
357806679,Al Goanna 210,https://ipfs.io/ipfs/QmcUgRLMTDoXdWdeDMk9ii5UtzFgoYShiNu29XR98zUq75,Al Goanna,{}
357807254,Al Goanna 211,https://ipfs.io/ipfs/QmP7VAwnnsUAmuGT46jUvLMe2RrSUzRF9UHFTcTfU71mbb,Al Goanna,{}
357807687,Al Goanna 212,https://ipfs.io/ipfs/QmTfUTHTzBmKVpk65VPhAp1pPZ4Kh2uXW5YPJ3VuUsRkv4,Al Goanna,{}
357810208,Al Goanna 213,https://ipfs.io/ipfs/QmT9z9qCBEP8hK8EYWywk5nKZTz5ES9TQuideooADGUpS8,Al Goanna,{}
357810515,Al Goanna 214,https://ipfs.io/ipfs/QmXsrJuvEuz7i5PwPY5s6h43DMntGUqgZukjPpwGn7NiTZ,Al Goanna,{}
357811089,Al Goanna 215,https://ipfs.io/ipfs/QmaPYsz9HVDsN9EyPSAKaf9KeXTNNpQKR6tRVydWdGh4L9,Al Goanna,{}
357811513,Al Goanna 216,https://ipfs.io/ipfs/QmYtAUZJy7XHx1b3XRtry8ktjYQCwveeF22zQS3eUA829t,Al Goanna,{}
357812204,Al Goanan 217,https://ipfs.io/ipfs/Qmbn6LXfqxbeCyYsmp1PwWrZQAjicuBJm8QasanX3GkXKf,Al Goanna,{}
357812643,Al Goanna 218,https://ipfs.io/ipfs/QmPQ3aHhp75ASG8VgE78pkA7TTktgQxBj9NcrLBKiQjwuj,Al Goanna,{}
357813060,Al Goanna 219,https://ipfs.io/ipfs/QmR6rHdbH6FmBQtMB3efjpq7nBiAoPBwzmNXvaDbgDEYKf,Al Goanna,{}
357813498,Al Goanna 220,https://ipfs.io/ipfs/QmU2yMTtid23WPGCBUzPVuNkvuG1WwUGuXUxfPaqshELPz,Al Goanna,{}
357814858,Al Goanna 221,https://ipfs.io/ipfs/QmTCTLUqqgRQmU9id28drEYnDF5LBwXm3jV9dM4UkAjV98,Al Goanna,{}
357815902,Al Goanna 222,https://ipfs.io/ipfs/QmPt5CQTBD2dFg1okcKTbo4DMC5vFvuZcaR6EriLdAGKee,Al Goanna,{}
357820088,Al Goanna 223,https://ipfs.io/ipfs/Qmd4XgNy6WTcTW9qpUS4J2DPPyz4YuTP8htzGnFhWwbMRj,Al Goanna,{}
357820613,Al Goanna 224,https://ipfs.io/ipfs/QmP5yHuAhDjuz74M68Nthav4U7Xi9iWJWQpjTvWbajNcP4,Al Goanna,{}
357820948,Al Goanna 225,https://ipfs.io/ipfs/QmaQ4AWWZhSZTDMtrRzMErUxuky3YRFih3q5rfTYCkWevT,Al Goanna,{}
357821399,Al Goanna 226,https://ipfs.io/ipfs/QmfLvRqy396JP7ZYHHYS5NWosmdZn2QfdFvBiBt9Z6xSgX,Al Goanna,{}
357822102,Al Goanna 227,https://ipfs.io/ipfs/QmNjYuwkurtxutGWmEHbAPy5umhMiuQyD34fBnr7UiX2Xb,Al Goanna,{}
357828954,Al Goanna 228,https://ipfs.io/ipfs/QmcNjhXuHqQxNLj9TPrGW8Kdo88Nno4aCLwzRswaAQyW89,Al Goanna,{}
357829470,Al Goanna 229,https://ipfs.io/ipfs/QmVNdCMCZ6vdmL7aCKcLb7oRHrc256ySKuaD2TwGSrZmSk,Al Goanna,{}
357857342,Al Goanna 230,https://ipfs.io/ipfs/QmPdfuVg8rv9jfWE8UYTAMRRofLKuqY5i6T6oj8RrAjUkJ,Al Goanna,{}
357857972,Al Goanna 231,https://ipfs.io/ipfs/QmW8hmAvzeJphUhZERArJW6EJjB3gLhw3VxVgp6uKN4GJP,Al Goanna,{}
357877467,Al Goanna 232,https://ipfs.io/ipfs/QmaJe7k8SBSYkJwJLhz43Avbt32TEBB2PA21FprMpzM6kc,Al Goanna,{}
357878164,Al Goanna 233,https://ipfs.io/ipfs/QmWYzY1QV2opya8tGrycT218nfxK5ywMcc1tiJzYiLX9Tb,Al Goanna,{}
357878647,Al Goanna 234,https://ipfs.io/ipfs/QmVZ8axVPons5nKdNHS8eDsRkAfge7TirJZXfhi5sNy9j3,Al Goanna,{}
357879213,Al Goanna 235,https://ipfs.io/ipfs/QmYDgJqkU5sLntug5VPZXVKQhyuL5eoXvP4E5DbWBxL2qi,Al Goanna,{}
357880107,Al Goanna 236,https://ipfs.io/ipfs/QmRT6arCHTEVA7vEyyHzmC19UqDBUtyb9SNMGjKwpfS38v,Al Goanna,{}
357880623,Al Goanna 237,https://ipfs.io/ipfs/QmP41NrCqRwzejzjkRCJnUyjnf9Lt8jiKAGmAquAsqUvYJ,Al Goanna,{}
357881145,Al Goanna 238,https://ipfs.io/ipfs/QmNLmVJ9F33kxNbQsfwNFqwKGY7RQqP37vvEcy5MQo4ENf,Al Goanna,{}
357881713,Al Goanna 239,https://ipfs.io/ipfs/QmUwNvfaDpjZ4dTJZunqaNjBKCocdmM5ziqbNYC4hSowSS,Al Goanna,{}
357882255,Al Goanna 240,https://ipfs.io/ipfs/QmU6Vf6RF5UWm4YXrSrR4xT3Mwjf9TjybiB2YGSWCXmph5,Al Goanna,{}
357883312,Al Goanna 241,https://ipfs.io/ipfs/QmQQJrNmGy3D2pQE89A7V1yAeKZghdBWCZv16qN6N9PjM9,Al Goanna,{}
358119742,Al Goanna 242,https://ipfs.io/ipfs/QmashPQ3bihFTswsC67My2f1pFXWbNBQWgn4zZKYSG9VMD,Al Goanna,{}
358120030,Al Goanna 243,https://ipfs.io/ipfs/QmbSAFYSa3v3gk4cn43swyxYbU2gSMeuM2sUfenz5hUmDe,Al Goanna,{}
358120725,Al Goanna 244,https://ipfs.io/ipfs/QmQdCPCNfbAWS3Be94YDkTVPRcZpKpwpY5Yg7e4yPqDif1,Al Goanna,{}
358121671,Al Goanna 245,https://ipfs.io/ipfs/QmTS2mLx716twTjtR36yzaZrqdt6icegMuGtNBHPJVpR5E,Al Goanna,{}
358122092,Al Goanna 246,https://ipfs.io/ipfs/QmPPYFev2LokmwESMXojXtvaCa3jqf8Lv3Ue5EHpHZ2Vsx,Al Goanna,{}
358122475,Al Goanna 247,https://ipfs.io/ipfs/QmNUBeLrhWp65LjqGLgNxa5B3DRBbmQTAZkHhp6emgniaJ,Al Goanna,{}
364041108,Auction 001,https://ipfs.io/ipfs/QmSdBhnahUsSQrDbfyx714d4n8nwpwEvjnApBSWii4YpBB,Al Goanna,{}
364045626,Auction 002,https://ipfs.io/ipfs/QmShrj6Bpe6a7LHSB8UEhDxysyrmkwWqsGNUANVWtTFXtu,Al Goanna,{}
364046945,Auction 003,https://ipfs.io/ipfs/QmeNh4w9BR75hYxM4YzsQthZPG7JuNSiCDR3NaUGQ1vCod,Al Goanna,{}
364048155,Auction 004,https://ipfs.io/ipfs/QmVGEmEL2ixSvsAo469tMkEvUHuzGGTNULpTBn5MKsFEhJ,Al Goanna,{}
364049436,Auction 005,https://ipfs.io/ipfs/QmbH95w5BNGaJPWKwYz6Rcig8Qy3nQkHS8fFFt3Vr5gziX,Al Goanna,{}
364051097,Auction 006,https://ipfs.io/ipfs/QmRPaiywmidQwS38B5i2ZdTY6A1mWQ5mZDp4E5qMdwwZRr,Al Goanna,{}
370138614,Al Goanna 248,https://ipfs.io/ipfs/QmT7xjSDjmgD2jJuWycfgXYkzdynAvjwWs5skpc6ERU7SA,Al Goanna,{}
370139149,Al Goanna 249,https://ipfs.io/ipfs/QmWA1rnS9pLt8a11VCkw121DCn5qP34BLKXQFB8TmTNNHM,Al Goanna,{}
370139978,Al Goanna 250,https://ipfs.io/ipfs/QmeHJ8gheZsGqRYtS7WfJ5S2gmgc2bVjRRVLm2JsbMrnjS,Al Goanna,{}
370140425,Al Goanna 251,https://ipfs.io/ipfs/QmV2iH9qS33owqLmjd5CTsb3erHEaF13hB1C3GTtA84t4J,Al Goanna,{}
370140833,Al Goanna 252,https://ipfs.io/ipfs/QmVH6GoAq1KWBzQXeBhjA7HCqgr4Pzvd7jmHj9HHFaGtuj,Al Goanna,{}
370141226,Al Goanna 253,https://ipfs.io/ipfs/QmZmdyZZzdzkwkrhjUDPJJip3WoNhX7PH5DDDvvr3N3nQL,Al Goanna,{}
370141772,Al Goanna 254,https://ipfs.io/ipfs/QmRU3Fz3UmJDs7iYgBJAyhGvEtLousszuacBtysCBCHRJo,Al Goanna,{}
370142504,Al Goanna 255,https://ipfs.io/ipfs/QmNZU1T9YPjyMkCQMwLhXAooWQawXUoR8yqCvn32DEgpFv,Al Goanna,{}
370146144,Al Goanna 256,https://ipfs.io/ipfs/QmY7jnMW4rfywsBiCqTtvFMNBcUiMt7kLtmJo1jhTFBqFR,Al Goanna,{}
370174670,Al Goanna 257,https://ipfs.io/ipfs/QmNREYW65AJj8R2q7d9StvYC5tRxQh7NHn85X9M2S1BNuY,Al Goanna,{}
370175275,Al Goanna 258,https://ipfs.io/ipfs/QmRx2TDB9wefSE6YpedyGMPYiXaqsuiT8iCj2nBM3KRDsH,Al Goanna,{}
370175829,Al Goanna 259,https://ipfs.io/ipfs/QmbPe5Qb3e7u3u5euH1AMotQB6dPFkyuw9JCiRmc3uWCtS,Al Goanna,{}
370177059,Al Goanna 260,https://ipfs.io/ipfs/QmQCvXLJj4Xc7Z2bug4S7rBRHXWtBhJijKNaqtgRwFQ6L5,Al Goanna,{}
370178088,Al Goanna 261,https://ipfs.io/ipfs/QmY42vbV8z6PaaJMX15Z2LFkF1SFX3QLAoVqeEZQRsNik5,Al Goanna,{}
370179699,Al Goanna 262,https://ipfs.io/ipfs/QmbV7VtE9TazD7eR5tJ9AZ4GDAcVk1ywFHV2WoEEEcFMvm,Al Goanna,{}
370180272,Al Goanna 263,https://ipfs.io/ipfs/Qmdz26qr3ezqc4SF6CdTg3L4CrKsLdeLGmmEBRNWDkxV9f,Al Goanna,{}
370192715,Al Goanna 264,https://ipfs.io/ipfs/QmXPpAYnZbRrGfoU7WN65yTEmEu2JNSaJHazBXB6PbEjj3,Al Goanna,{}
370193543,Al Goanna 265,https://ipfs.io/ipfs/QmUs58DkyMWKU7mj4tNepmKwJQkmnxiCv2XMpuzGZnB3Xn,Al Goanna,{}
370194099,Al Goanna 266,https://ipfs.io/ipfs/QmcHR5K5AyGf76cKMBXgYxgdQ4LTaS5nKU9LGMk3UGNtzg,Al Goanna,{}
370194766,Al Goanna 267,https://ipfs.io/ipfs/QmWtMZgJtGm3uPZgRDhfVQq3eNfrn2XxmXGnYCJUGQzwxN,Al Goanna,{}
370200032,Al Goanna 268,https://ipfs.io/ipfs/QmVaRn3iHWfZAiqpm51Pw85McRwWqqMbx4Y4SWV17WLQre,Al Goanna,{}
370201662,Al Goanna 269,https://ipfs.io/ipfs/QmSguwtrDQMGEPoKzJuT8zsRB3yi89besprtYR1FDPACxx,Al Goanna,{}
370202895,Al Goanna 270,https://ipfs.io/ipfs/QmUwGoZ1PPjAg7tyookD94PsyjwxjZBV1P9cGHVodqAMcc,Al Goanna,{}
370203657,Al Goanna 271,https://ipfs.io/ipfs/QmVxqwfxjTBN9teyu7oYjgMSPBMrKdCg5R1fVZJyt1Dw4t,Al Goanna,{}
370204471,Al Goanna 272,https://ipfs.io/ipfs/QmTSRDVmkWZvpPHpyBPse5ytJHZTWQp9PHK9GCuB2qJJqZ,Al Goanna,{}
370207486,Al Goanna 273,https://ipfs.io/ipfs/QmcPNwWXy2ggJ3jAiLk8fYNhbSySzmRXZ2o6oVtJh7iMmi,Al Goanna,{}
370208074,Al Goanna 274,https://ipfs.io/ipfs/QmQrjCowSsWwY13C7hsn6tmJuZDeekjDKNF59FCUGj823Q,Al Goanna,{}
370208620,Al Goanna 275,https://ipfs.io/ipfs/QmUXAfLYfdYnyAyAJMb99dxRgU4CJjxPd9itpRTbjY4mM2,Al Goanna,{}
370209227,Al Goanna 276,https://ipfs.io/ipfs/QmR1T5Gsz1ovLeohwpivVfkxhsoqqCTrFkkSQZt6kEtmhR,Al Goanna,{}
370211487,Al Goanna 277,https://ipfs.io/ipfs/QmYpBQMTRAk2aJ1P6B8L4QKNtXg3KKPw1ETftGrNfmnPnv,Al Goanna,{}
370212202,Al Goanna 278,https://ipfs.io/ipfs/QmZkTGCTgeUx2A5WSWs2tjsCSQgY6tC8gdSeJPskz49P7q,Al Goanna,{}
370214171,Al Goanna 279,https://ipfs.io/ipfs/QmaYdZpUTgr297RY4oszHG4SJTpTkazpY6xS6t6MpJcnTG,Al Goanna,{}
370216009,Al Goanna 280,https://ipfs.io/ipfs/QmPWzic2owEasKDR69sZJgch1MzFqnHzsdmsVympc56XPZ,Al Goanna,{}
370216600,Al Goanna 281,https://ipfs.io/ipfs/QmUiQoQTK8C4nk7mLeRzhJSjZ2CBod5RH1uGfJjo1X4WH7,Al Goanna,{}
370220151,Al Goanna 282,https://ipfs.io/ipfs/QmYLcZDgo5egUE6J9GKAfbYzUeeLTUqhxGEdhwraLUZVtn,Al Goanna,{}
370221172,Al Goanna 283,https://ipfs.io/ipfs/QmbKwa4EZKQRB8td81bwaJb11Si2xeDSjNH3u6bqzHCPHp,Al Goanna,{}
370222171,Al Goanna 284,https://ipfs.io/ipfs/QmSeyXbC9BSZNNTu4ZWnE4evjWC3tV4PFHezDAmn81SQ4F,Al Goanna,{}
370222671,Al Goanna 285,https://ipfs.io/ipfs/QmfQmqif5jDq9t64m9qL93iiQHCqXZX9JpdwT98nyVA5bK,Al Goanna,{}
378144244,Al Goanna 286,https://ipfs.io/ipfs/QmNzXNA3dTGxeoytfE41LG6crjV7YXmGjnoFX4rJWQRiTQ,Al Goanna,{}
378144874,Al Goanna 287,https://ipfs.io/ipfs/Qme2YxaLoZ7SoouiXFBZw5cuo3uX1F2zTjuptQbps1wh7G,Al Goanna,{}
378145365,Al Goanna 288,https://ipfs.io/ipfs/QmbxmmWJkoduXSD8FHXnmxwwvpFmDmuuKVyrHr81UnbHT9,Al Goanna,{}
378147187,Al Goanna 289,https://ipfs.io/ipfs/Qme81PiiJmDbA6Cqabxa9pvKkZcPnL6wdy3TvFhjXiXNdC,Al Goanna,{}
378147789,Al Goanna 290,https://ipfs.io/ipfs/QmdoUF3SMR4SoZPTnPoQ5ao8tJpq5ZCrkU2CT6LcFdXB4b,Al Goanna,{}
378148381,Al Goanna 291,https://ipfs.io/ipfs/QmSJYnVEtoXS6qfUvvZDu2JwNF5YYTUDimwPYPcA7puo6u,Al Goanna,{}
378154517,Al Goanna 292,https://ipfs.io/ipfs/QmdZLHwjb6LuLDYU6iuzhEzpAcWzBuXD1M4ySgN2ZNj4jL,Al Goanna,{}
378156031,Al Goanna 293,https://ipfs.io/ipfs/QmSbhnGjMoiznRnUi3raucV6XRbM8xPiosgJ3QjZAfCPGS,Al Goanna,{}
378156497,Al Goanna 294,https://ipfs.io/ipfs/Qmb3U9EZpAsG1NySkwTdQ49ARz62QcxApGUfMie91MWTnH,Al Goanna,{}
378157329,Al Goanna 295,https://ipfs.io/ipfs/QmdEX2xEUwcoUbubD6d1ny2X7Z4fPA2EKB6tWNxrF4gUaR,Al Goanna,{}
378157733,Al Goanna 296,https://ipfs.io/ipfs/QmSsoQxYxAbqCGTQz3QmwCHW6wr1uUFqvovYsJTd8VGqCj,Al Goanna,{}
378158613,Al Goanna 297,https://ipfs.io/ipfs/QmQ4FgJunips4PLe8CwB2MmcGjzF19aR35Rn9aioksjU2Y,Al Goanna,{}
378159296,Al Goanna 298,https://ipfs.io/ipfs/QmQMWEhTTThehKn56Sr2UKf6JXkci9RHrrwHdgNjB54p8R,Al Goanna,{}
378159732,Al Goanna 299,https://ipfs.io/ipfs/QmazufgtH7u6BayD5ybWMzAR75xzqCvVs1z2Y9i7JF1cmV,Al Goanna,{}
378160339,Al Goanna 300,https://ipfs.io/ipfs/QmSg68GzwRCHX8pS7hhwX2kUkueQbcvATUQDKPeajAMA6s,Al Goanna,{}
378161184,Al Goanna 301,https://ipfs.io/ipfs/QmVAsBjVBEqTb7dSiKQCN6AVBKnZBnY4PTASZ6zrv2WsEx,Al Goanna,{}
378162620,Al Goanna 302,https://ipfs.io/ipfs/QmZG5wVobGxutPrap8JfzU5bgvbCbSank9bkMpcYnN9XbB,Al Goanna,{}
378175401,Al Goanna 303,https://ipfs.io/ipfs/QmSLJTxY2vYKUbAzd5jwx8tYefcbtmP7QtDuTEAhG8YaYb,Al Goanna,{}
378176036,Al Goanna 304,https://ipfs.io/ipfs/Qmf3GR8UB7oyZ5u89K2x6sARVXfwzLwYsZUfaBNeZ14vY9,Al Goanna,{}
378176471,Al Goanna 305,https://ipfs.io/ipfs/Qmd8iDviXNz152bEFgKT76BmAm7ZhKSfi6Q3aNhsq6eYVF,Al Goanna,{}
378177995,Al Goanna 306,https://ipfs.io/ipfs/QmVqP7tQ4tYFKmg9uEPUY8YE341CphVxbAyno31fDcP5dQ,Al Goanna,{}
378178789,Al Goanna 307,https://ipfs.io/ipfs/QmWYmucNVT2Nnmgtbw6QhTNdmZHjHX1XmA6fTf625rBdGw,Al Goanna,{}
378179429,Al Goanna 308,https://ipfs.io/ipfs/QmQpuEgfDrpi1MYPgESwKMMqZtvnyqAHnNvwXu2LUPYCoK,Al Goanna,{}
378180154,Al Goanna 309,https://ipfs.io/ipfs/QmZ3y8HhouZPb4HeFrqUi73aWDctSLgNvd3caPDLjKSyAH,Al Goanna,{}
378181799,Al Goanna 310,https://ipfs.io/ipfs/QmUg1tDGwCJrkq3o4VXfmN3sqTCHMYJq1XWycSAHMreDx9,Al Goanna,{}
378182338,Al Goanna 311,https://ipfs.io/ipfs/QmX2E19Jf5MJgQwwQKrEp7w77E8KuTYPL6xtp3HXJFsmnV,Al Goanna,{}
378182828,Al Goanna 312,https://ipfs.io/ipfs/QmWUMuCza64dTQstqSeEMmbcNLcMj52EKwYnd54A3T3NLc,Al Goanna,{}
378184850,Al Goanna 313,https://ipfs.io/ipfs/QmeSeM7NyteSYknszvL5Qtk5K3WzytjK7GJjxGSbWwDSAx,Al Goanna,{}
378185763,Al Goanna 314,https://ipfs.io/ipfs/QmUi5BYEuhWLBrwpofkPJK8FN13TncmvquJtLceD7qg6eR,Al Goanna,{}
378186307,Al Goanna 315,https://ipfs.io/ipfs/QmaXHcPRbVPTLdSS4SriF8C8PZ1rMkTpLuzi1eqxDkUtSQ,Al Goanna,{}
378186905,Al Goanna 316,https://ipfs.io/ipfs/QmcreA1WS4J3Hiko3VjoyyKrkbCJGqPrASZ2ZoDbtDUjKQ,Al Goanna,{}
378187510,Al Goanna 317,https://ipfs.io/ipfs/QmRdA8t1kqXoXK9BSaqChpKKHKEGbyJ7cbDYzfK8Ho4dHW,Al Goanna,{}
378188233,Al Goanna 318,https://ipfs.io/ipfs/Qmbwh5gBjbsTYQfZse8vbWbeP6duuZpM6irmi8BemjE4Vj,Al Goanna,{}
378188959,Al Goanna 319,https://ipfs.io/ipfs/QmYt2KnmRcUwgJGPRKbaSoSmh86skmp1AJCKatnCfrPZQi,Al Goanna,{}
378189282,Al Goanna 320,https://ipfs.io/ipfs/Qmee9VgDoi53jYiBwNRiTetX46oPQNZowqE8CzMQ3WiaGX,Al Goanna,{}
378189742,Al Goanna 321,https://ipfs.io/ipfs/QmdhqoUiAvSSuharFA4yvjnquZjC4giwzgaex44bXKJ1is,Al Goanna,{}
384115563,Al Goanna 322,https://ipfs.io/ipfs/QmWgYjcMPgvUqHYympYsHZZudVw2Zz1WaFJEe6txN7xVvT,Al Goanna,{}
386676057,Al Goanna 323,https://ipfs.io/ipfs/QmcQFgB5LL9PDfnmjMM7LeZ6m9RGtmVDwuNxmEtaJCCLLi,Al Goanna,{}
386676630,Al Goanna 324,https://ipfs.io/ipfs/QmWQAtRi4kjnSDLgMM9Di8FRomY4wNZLjivWpMSCREt6MJ,Al Goanna,{}
386678024,Al Goanna 325,https://ipfs.io/ipfs/QmX3AX3RRW1XYYFToVRRCUxkx4NamfC7YVGmcCAbgaEb4J,Al Goanna,{}
386678534,Al Goanna 326,https://ipfs.io/ipfs/QmaGCmMdwU6oWTrc1X4fq29PkGLtZ2Tvtkm53JdSx9HNi5,Al Goanna,{}
386679027,Al Goanna 327,https://ipfs.io/ipfs/QmZtoFUAKEGYKpGeDd8GNLdCrqT371qRkNoeWSamASpHjA,Al Goanna,{}
386679558,Al Goanna 328,https://ipfs.io/ipfs/QmS1MtXNM7jwMozGnNZsDbeBN2YVy6aNRK5M9v7VxhpxGz,Al Goanna,{}
386680355,Al Goanna 329,https://ipfs.io/ipfs/QmSGnDNmkYTZ6U3Lhg1aBXmq9rxSue147fgmjNrasEww3r,Al Goanna,{}
386681637,Al Goanna 330,https://ipfs.io/ipfs/QmR8LPeE3Kn9wjAKiCbuVxX41Qj6uf3r1UotMeXp8gVoMe,Al Goanna,{}
386682222,Al Goanna 331,https://ipfs.io/ipfs/QmYekTyf16VDoiHCBA92j5rFsbwspPZcatSoQDMwPJSpMw,Al Goanna,{}
386694998,Al Goanna 332,https://ipfs.io/ipfs/QmaD8ucsfC7pdKnakrbL92Goo382xxnVwTcsbzMQEVxuPe\,Al Goanna,{}
386695758,Al Goanna 333,https://ipfs.io/ipfs/QmXBcHa1R9dDeuJ68gDF4BjUr3W9Ut661498xhkwqbfqZJ,Al Goanna,{}
386697020,Al Goanna 334,https://ipfs.io/ipfs/QmcUu4sJhXq5iv5vnAwU3phRuvfsajRykaxBWzkrJXnJud,Al Goanna,{}
386698016,Al Goanna 335,https://ipfs.io/ipfs/QmSFXgwKTMsHhskss2LysXNjpFzvRsH9t8pbtomuKTQjd4,Al Goanna,{}
386698707,Al Goanna 336,https://ipfs.io/ipfs/QmXgLJNnVY8NAtKW4FgtMmHdJgXuGTYirFyPuibToqAeQD,Al Goanna,{}
386703284,Al Goanna 337,https://ipfs.io/ipfs/QmX81GSFWH66EznGrbTWdLTxoxy7aNCdW5imfy4rr93Dop,Al Goanna,{}
386704623,Al Goanna 338,https://ipfs.io/ipfs/QmXaJP4Vtj8yLarwhkQjDxcTBBebp8QXmToqUVEefgRWzb,Al Goanna,{}
386705461,Al Goanna 339,https://ipfs.io/ipfs/QmSWJsDfvUK8V1AAVgUEe9Hh5tPYRbXMhz2ccYQQ2EQ3eB,Al Goanna,{}
386706145,Al Goanna 340,https://ipfs.io/ipfs/QmamTAgvUDLTEGzXQiX8tLu1sGfnPZsBh4rf3ygPiqrhKL,Al Goanna,{}
386707457,Al Goanna 341,https://ipfs.io/ipfs/QmUMLAPcZaT1b5ha6kZRxL68ECrr3LjTHdHffHwo9End2c,Al Goanna,{}
386708332,Al Goanna 342,https://ipfs.io/ipfs/QmWeKEpFJ465eTQ23UJWiSpcz3MaQ9PQCVNMgZhiWh26nc,Al Goanna,{}
386754623,Al Goanna 343,https://ipfs.io/ipfs/QmVkTKJ6oMA9qByzoPP14hUAPbu6k4EdKbWYZ5Ww4SfUPb,Al Goanna,{}
386755533,Al Goanna 344,https://ipfs.io/ipfs/QmcdW6YhDFLXXLduJGuf6F8MkmG5SGPsqyWP2nJi7QT8nt,Al Goanna,{}
386756478,Al Goanna 345,https://ipfs.io/ipfs/QmWYCNCt7BvW1nLgnnEdXWnQJGETJCgZx6F9Yezbh7ZM2q,Al Goanna,{}
386941384,Al Goanna 346,https://ipfs.io/ipfs/QmQuKVw7kJpT7pnscRAPtMVMhtwihmVsYDdD6Zw5coCP7F,Al Goanna,{}
386941848,Al Goanna 347,https://ipfs.io/ipfs/QmZej7UYRRjBAi8s5qZQzeNmKuupj1bdgmfJrgTuRDxCWC,Al Goanna,{}
386942367,Al Goanna 348,https://ipfs.io/ipfs/QmRte2owsP1Y5nGQDhBEsnhTT2SasQiLsuc6WGuyPLQVW8,Al Goanna,{}
386942977,Al Goanna 349,https://ipfs.io/ipfs/QmdusWzHdp7MRYHjK2BWuwYTfA4nkJNEz24CASqzixf5nX,Al Goanna,{}
386954015,Al Goanna 350,https://ipfs.io/ipfs/QmeXQPhf4h3CVUym6pYiTLxiWmBaFY4u5drf4xNgZexVsE,Al Goanna,{}
386954778,Al Goanna 351,https://ipfs.io/ipfs/QmXhE79nWyisQcA4sQMPTRFUSKQbxs84Wh4BVv7fdiyKYq,Al Goanna,{}
386955578,Al Goanna 352,https://ipfs.io/ipfs/QmdDGiznNKhXdDegHx36hWArrHqQZER6c6Tqw5GADYcsGC,Al Goanna,{}
386956116,Al Goanna 353,https://ipfs.io/ipfs/QmQbza724cf7CBkizHPNbcWjLPYngna8hWRcypmWxQa8dG,Al Goanna,{}
387779639,Al Goanna 354,https://ipfs.io/ipfs/QmR3vtSqdk1rk3tjfrcv3mLUrZUcpwvkcMuGXSJ44wJAex,Al Goanna,{}
387780523,Al Goanna 355,https://ipfs.io/ipfs/QmRUdWF83p4kgrLUerkENMemkwuyXJr2WFATDfKe45jFy2,Al Goanna,{}
390940467,Goanna Stories 001,https://ipfs.io/ipfs/QmRkQnP3avqM38ER5SL1Rso7AUFfWemWPp1iHigYtQuR1t,Al Goanna,{}
396523835,Al Goanna 356,https://ipfs.io/ipfs/QmQorTTGF1yn71iJ8Y2u3XTm3ETtr5Afi3ybLsYb1XuBW3,Al Goanna,{}
398263290,AL Goanna 357,https://ipfs.io/ipfs/bafybeihd64elpzqfo7timn6i3xxiz5wcee2qkwnhcitxiwkzrsllmu6oxa#i,Al Goanna,{}
398266816,Al Goanna 358,https://ipfs.io/ipfs/bafybeign2xq4epjeo6psjlifw457v2rhjghx3hwgagzqrno6mtgcfxa2pe#i,Al Goanna,{}
398267736,Al Goanna 359,https://ipfs.io/ipfs/bafybeihhdpu5d5k5yo34s4gx7nmq32dgprtlydosgr4xnuvoiltenz7erq#i,Al Goanna,{}
398268460,Al Goanna 360,https://ipfs.io/ipfs/bafybeiboj4vkvo4oeytxcycg564jhiaisxirshbma7n6v5a2hmmfxqcuay#i,Al Goanna,{}
398269458,Al Goanna 361,https://ipfs.io/ipfs/bafybeienrlgbwwuki2ckruurqldnruztal45s64xp35unnddrzq7rbuufq#i,Al Goanna,{}
398270277,Al Goanna 362,https://ipfs.io/ipfs/bafybeidg7abu2gzdal4jf7mvafovtfxomk6llricllxrptspavdchkesny#i,Al Goanna,{}
398271233,Al Goanna 363,https://ipfs.io/ipfs/bafybeif4pkho5a4zcaikdphadd3ejanf3qgobh5mnvge4kcalxgr43xrbu#i,Al Goanna,{}
398307142,Al Goanna 364,https://ipfs.io/ipfs/bafybeidw75ypu2kenreyzzozb4uwdu2r3tjwkgi4dwaiyr3bh4jgyhopau#i,Al Goanna,{}
398307950,Al Goanna 365,https://ipfs.io/ipfs/bafybeidpd5d4quscc2qoacow4ladj6hi77k4lynq63osqoed5lzif6m4yy#i,Al Goanna,{}
398309860,Al Goanna 366,https://ipfs.io/ipfs/bafybeifbixwl5hibv6f7t3tzkzjkoh64cqdwrcslltt6me5tchgmyogfxa#i,Al Goanna,{}
398310628,Al Goanna 367,https://ipfs.io/ipfs/bafybeif3zv7pu3z24klh4km3stbanlq45xqtotwuwdtbcwzadigom3ba2a#i,Al Goanna,{}
398311670,Al Goanna 368,https://ipfs.io/ipfs/bafybeibh5ftzw3h37rhor6paeqniw6mnck73vaap7bgwhyxq7vfp2ykjey#i,Al Goanna,{}
398312573,Al Goanna 369,https://ipfs.io/ipfs/bafybeiaz4xqw4h2l2hriyf7kslapdg6pbjmk2njxxhr5mjafaj444evbre#i,Al Goanna,{}
398313581,Al Goanna 370,https://ipfs.io/ipfs/bafybeig4rjawuch7shwjanan6lexfnkr2lsbthtxwrzxu2yadfxxzm6eim#i,Al Goanna,{}
398315817,Al Goanna 371,https://ipfs.io/ipfs/bafybeic5luwidzc5wq2pjq4vy3flbhqnmzp6bvialpj46tkh67wtr2wj5e#i,Al Goanna,{}
398316892,Al Goanna 372,https://ipfs.io/ipfs/bafybeibya5yfpgq6k34xjqnwygdforicdlpbig5jynpyj6akdgteci7dnu#i,Al Goanna,{}
398317819,Al Goanna 373,https://ipfs.io/ipfs/bafybeidmjapolfomrtpkaopexxkeq6pbfyxyno2rlevdzm4wmvls376m2q#i,Al Goanna,{}
398318793,Al Goanna 374,https://ipfs.io/ipfs/bafybeief3kyti57zc7a4p6uezbqzwhaqbgnq5vevfkmywn4wophivmoqiu#i,Al Goanna,{}
398319545,Al Goanna 375,https://ipfs.io/ipfs/bafybeie4cqcrnbluy3w224tldkq4mni7nsxsbcxjx2cvqvqgerfezmh54q#i,Al Goanna,{}
398320385,Al Goanna 376,https://ipfs.io/ipfs/bafybeidtx36wbh5s4yhuqqr2bnxea4rsbrw4atz4zyiutsik57bdmhwpye#i,Al Goanna,{}
398321353,Al Goanna 377,https://ipfs.io/ipfs/bafybeihc4j2uozkjgat3o3fqcr4kto2o6i3fld5eeea2xnwc5skp7hb4um#i,Al Goanna,{}
398322208,Al Goanna 378,https://ipfs.io/ipfs/bafybeiew4k6r27vmpie6czujk6nf4racqctg5zynol4zdlytufwoo6kf4q#i,Al Goanna,{}
398323043,Al Goanna 379,https://ipfs.io/ipfs/bafybeic5p2mhewcv555sqheb6u2i6kpxhlcvvvswmk7sc5bhkzn23klc6y#i,Al Goanna,{}
398324040,Al Goanna 380,https://ipfs.io/ipfs/bafybeiey6ddh46kbm2qjg3cwmzrmfijpmklqbibwikhagyt3kkjcgfzlum#i,Al Goanna,{}
398327453,Al Goanna 381,https://ipfs.io/ipfs/bafybeib4mrybg22ig5bdecuk3jiq64myjn3ge7vghaphb6bsuslayps6qi#i,Al Goanna,{}
398328641,Al Goanna 382,https://ipfs.io/ipfs/bafybeia35tcv5spyls7pfdlefhmvqg4ycndydcdalwo4qmn6khew3wrix4#i,Al Goanna,{}
398329775,Al Goanna 383,https://ipfs.io/ipfs/bafybeibownd6b2gl2e22z4jzk4phdqow7bt474g4ffyaaqfjilape2suqi#i,Al Goanna,{}
398330377,Al Goanna 384,https://ipfs.io/ipfs/bafybeifal656w7l7f2t4inve2fmbg5sd2i64imgvhxgnh7zqfyz6uf53uu#i,Al Goanna,{}
398331199,Al Goanna 385,https://ipfs.io/ipfs/bafybeicwnv744cdcxcffodnvugf6nsg2p45key4ahppy6u2l4cdtjo4iae#i,Al Goanna,{}
398331833,Al Goanna 386,https://ipfs.io/ipfs/bafybeieqnbrpy2txjtpapy5azxpss7kpzm6lbzix2jum6yz5bzkrurq7ei#i,Al Goanna,{}
398332587,Al Goanna 387,https://ipfs.io/ipfs/bafybeie5eevggmo7kevite5zdmqbe4ijkorzkukxajuh7x62nked2vx2yi#i,Al Goanna,{}
398333216,Al Goanna 388,https://ipfs.io/ipfs/bafybeia376vop5iroipw7ejly6ejrelekqvosk6gqifhsectwcwqtmajwm#i,Al Goanna,{}
404269571,Al Goanna 389,https://ipfs.io/ipfs/bafybeiccwjk6d5cbluxi2xcxo3xxiwj75bjztkaqrdhccu2y6lsdcvduuy#i,Al Goanna,{}
404270194,Al Goanna 390,https://ipfs.io/ipfs/bafybeigqx7pgmfe4mlitfgfsqtppqn2w7a4dkoml6sjyox6mhqajhh6gl4#i,Al Goanna,{}
404271051,Al Goanna 391,https://ipfs.io/ipfs/bafybeiacugdwwu4j56llmkq2hrdkn7ojj5dfeutt3lbnxblcmkjsiuip3a#i,Al Goanna,{}
404271649,Al Goanna 392,https://ipfs.io/ipfs/bafybeiat2injblpcf5tirqnupxdi4yar76s6rnmep55ugelofznpu7ttky#i,Al Goanna,{}
404272362,Al Goanna 393,https://ipfs.io/ipfs/bafybeihfn3w76d7aatynqfvgh4lnpmxprk7hg5wpwalyzy55xox3kgshay#i,Al Goanna,{}
404273247,Al Goanna 394,https://ipfs.io/ipfs/bafybeidmgprqsso5l7nbgue2ohxee7j32wazi5vahphqovr6y6jsh7o7ye#i,Al Goanna,{}
404274138,Al Goanna 395,https://ipfs.io/ipfs/bafybeiegtib7fmaou7kzatqrmo4m5lzkzt2svzbxmwcqtch7qrx2dtmwvu#i,Al Goanna,{}
404274994,Al Goanna 396,https://ipfs.io/ipfs/bafybeicjjcrklokzaqfmsiwizurmj4j2bxxltbhencomxprp7ae3zhvltm#i,Al Goanna,{}
404275773,Al Goanna 397,https://ipfs.io/ipfs/bafybeieyv7ugg4joshs6zeumzoe6nhdp5xbtdl3h5ky37cbxoxb7wvcqme#i,Al Goanna,{}
404277289,Al Goanna 398,https://ipfs.io/ipfs/bafybeierqrvpi6eibg6wb7hs6twplub7tl5cp66q66mdnrp3gxx7zjoege#i,Al Goanna,{}
404278239,Al Goanna 399,https://ipfs.io/ipfs/bafybeigj26dtauxoalqwe3qgirv2xkxojtuc3upqfqfrxztnbesmqayjfq#i,Al Goanna,{}
404278986,AL Goanna 400,https://ipfs.io/ipfs/bafybeifl2th7g5bpfjpr4jw7fzeqirc5bqrp6dupftnhhjqxcwncuwm4vu#i,Al Goanna,{}
404281390,Al Goanna 401,https://ipfs.io/ipfs/bafybeiekbysdj7vflx7samzcibjxquht47ucanqvvvzrnz5aohzzt6itbq#i,Al Goanna,{}
404282104,Al Goanna 402,https://ipfs.io/ipfs/bafybeich3r4t4sgrkkxrb5rizj7uk73mnvgzkqdrw4ehpv2zqxhiuwzgmu#i,Al Goanna,{}
404283294,Al Goanna 403,https://ipfs.io/ipfs/bafybeidkxbkld5yvdhct4ztwxkqicqyp5on2esbbbnfdaxe2ko46dyovqa#i,Al Goanna,{}
404284041,Al Goanna 404,https://ipfs.io/ipfs/bafybeihgklw4zbjddpx4sozgu2flz6gouuovx7cichvnwd3fmo2myagltq#i,Al Goanna,{}
404284741,Al Goanna 405,https://ipfs.io/ipfs/bafybeidopscyalltzoizofjhjrp4lv5xxrppzs5w2vfxirioobhzdlz5ue#i,Al Goanna,{}
404285472,Al Goanna 406,https://ipfs.io/ipfs/bafybeifvjzpznxgkuwyp3tp66ako2dyqmzvixtke22uu3kefmfumcu6tmq#i,Al Goanna,{}
404286338,Al Goanna 407,https://ipfs.io/ipfs/bafybeidu4vygznfp6yd5gemnvnmtse2ztuzyld3ikslukoslar2ubpg5de#i,Al Goanna,{}
404287266,AL Goanna 408,https://ipfs.io/ipfs/bafybeibt7shq6v5ry5mbrw57hnuw2mnuiowlcs4h2mk576hxui4lbr2hzq#i,Al Goanna,{}
404288146,Al Goanna 409,https://ipfs.io/ipfs/bafybeiduyswtqmkfdxqf3tnna2iem25fptwcm2yy5whkq43zxhfrhwa37q#i,Al Goanna,{}
404289065,Al Goanna 410,https://ipfs.io/ipfs/bafybeiawnwt7qezk526q7hzynetmd3d2rqelpcejgof4e2vkldric2lzqi#i,Al Goanna,{}
404290245,Al Goanna 411,https://ipfs.io/ipfs/bafybeia2e3w2jyv6xh3y2ueu6m3r46ul7u3zrr6ezbb6bfugzdntmyzpk4#i,Al Goanna,{}
404290882,Al Goanna 412,https://ipfs.io/ipfs/bafybeidcpeki3cpbiv5qthymidj4xaiwabzbdrxae2s4fjlvke7ptkuy6y#i,Al Goanna,{}
411413044,Al Goanna 413,https://ipfs.io/ipfs/bafybeigixxk54q6u2rhpljf2wg7obolzw5k5zprlgwpdl7ngpi4lj3irca#i,Al Goanna,{}
418136017,Al Goanna 414,https://ipfs.io/ipfs/bafybeif73dqpjgrwqqzcowfqrty6clf3bahoikpdxf2wp3yb3yympbdtha#i,Al Goanna,{}
418136923,Al Goanna 415,https://ipfs.io/ipfs/bafybeieclm3btqvn4iiea455showjham5eg2ct66an2omiepzlqgbhqsse#i,Al Goanna,{}
418137888,Al Goanna 416,https://ipfs.io/ipfs/bafybeiaoyvrijph2j5nvqopftt6nwgnkszgvidxf6kgsdjkeek636bfu4i#i,Al Goanna,{}
418139488,Al Goanna 417,https://ipfs.io/ipfs/bafybeieabongrv3g2yy3hsqrn3oomwukh5t7gwtjpv7qgieizynm6ehbjq#i,Al Goanna,{}
418140351,Al Goanna 418,https://ipfs.io/ipfs/bafybeid7op522i6sixo4fqcpxzra66ifsul6hmhtfxpctbzslwubmw5bce#i,Al Goanna,{}
418141283,Al Goanna 419,https://ipfs.io/ipfs/bafybeibmvryetl7h76mwxw6idb3sey6gzexg7avypfpbdy3aeqo2oaki5e#i,Al Goanna,{}
418142231,Al Goanna 420,https://ipfs.io/ipfs/bafybeicx2tb3qabcnpuz7ad4p54dth4uumk7t6jkalencs2gaho63xlvje#i,Al Goanna,{}
418143075,Al Goanna 421,https://ipfs.io/ipfs/bafybeicfp23pai5x6yk7u3am6ocw2mj5cvg32fnu6e2pu4ulczdrdff2re#i,Al Goanna,{}
418143875,Al Goanna 422,https://ipfs.io/ipfs/bafybeibhx2qzii6jricu4lubf6czzamoqkp47lrqparh43ewwgkpfxmaf4#i,Al Goanna,{}
418147060,Al Goanna 423,https://ipfs.io/ipfs/bafybeiaxjbq6ymg5nty5lr4i57tbnu5k37d4hqad7wu4lmvafj6y5myoh4#i,Al Goanna,{}
418147746,Al Goanna 424,https://ipfs.io/ipfs/bafybeig5ou4o4hcbdmjrkhgxhunzwf64uamjzkaxyutulgtb5nveatvv3m#i,Al Goanna,{}
418148320,Al Goanna 425,https://ipfs.io/ipfs/bafybeiey4el6yot442kjjyrdtnqcqu4jsqi27oi46o7zah5tvlzw2klwxi#i,Al Goanna,{}
418148879,Al Goanna 426,https://ipfs.io/ipfs/bafybeiammdbv6fziui2jd7pwpazi6x4ud55b3znhve7bitlh6ofmbx4nfy#i,Al Goanna,{}
418217057,Al Goanna 427,https://ipfs.io/ipfs/bafybeia2i3nd4gnkktop4pstxqncsoro3etvtid4rnkjhhqgrufih63vpy#i,Al Goanna,{}
418217851,Al Goanna 428,https://ipfs.io/ipfs/bafybeigan76qkw4t7qaizu2j7xz3npu34tl6jqromixxuwhvqtmcozm6gm#i,Al Goanna,{}
418219030,Al Goanna 429,https://ipfs.io/ipfs/bafybeigb3lmh2tdioz7vs7d2prk3jcsee4oakexucuryp23egbkdgvad3y#i,Al Goanna,{}
418222343,Al Goanna 430,https://ipfs.io/ipfs/bafybeifrrxzbldruv4yrnpvetflbcp74f2j27jrdiurqe5ebvvjalqhwae#i,Al Goanna,{}
418223077,Al Goanna 431,https://ipfs.io/ipfs/bafybeihyd3nxr6nntuipuhbsnqdlmoido2zvox2d7vegvb4dgtchkwlasu#i,Al Goanna,{}
418223699,Al Goanna 432,https://ipfs.io/ipfs/bafybeicydusb3gfpqd5dtdpszq6qoruza73gytbflpqxzixzxkvyc6ldga#i,Al Goanna,{}
418224422,Al Goanna 433,https://ipfs.io/ipfs/bafybeiczxgdg5tmqosaw6pnz7xfsuu22sakxzxvva7ij6adrsvn7aq66by#i,Al Goanna,{}
418225505,Al Goanna 434,https://ipfs.io/ipfs/bafybeiclbsfdz3gm3mkrqqbw6tc4jxhkfvbngqltmufh7dhnfo3fkssv5a#i,Al Goanna,{}
418226238,Al Goanna 435,https://ipfs.io/ipfs/bafybeigs3hlmhqckumozc2znz7p2n3kuabxzafezfaahg4rtino5r34j3q#i,Al Goanna,{}
418226954,Al Goanna 436,https://ipfs.io/ipfs/bafybeidjfe2qcoiwpzxd4xm2ysl2l3utkeq5lx4spii3ajtlkyihueeudy#i,Al Goanna,{}
418227757,Al Goanna 437,https://ipfs.io/ipfs/bafybeiewnaxkbmrll3xi7dtknnzmmxohr7kxbqt634xpfig7i2aywuc46m#i,Al Goanna,{}
418228431,Al Goanna 438,https://ipfs.io/ipfs/bafybeickmk26d63uwttah3amorqmqjgshyzim3yrop7fcni35g7hlrdjdi#i,Al Goanna,{}
424727286,Goanna Stories 002,https://ipfs.io/ipfs/bafybeiatqvpldk3vm6iwhbuwoajuztcjc5guoy2furodojqjnki6u4cgvu#i,Al Goanna,{}
435015927,Al Goanna 439,https://ipfs.io/ipfs/bafybeie375jx4h24pbawzozgydpxzuajxltcud3uafwkkhgrjnhemntaui#i,Al Goanna,{}
435062343,Al Goanna 440,https://ipfs.io/ipfs/bafybeicj6xgxvhsga65xzfv66lo7ukyegzjxxxejokyrw272elolrfxkci#i,Al Goanna,{}
435062845,Al Goanna 441,https://ipfs.io/ipfs/bafybeieva4qhmvnrvglzbhala5dfhsdqe3dazr3x25abk7tz52lzhnyvfy#i,Al Goanna,{}
435063502,Al Goanna 442,https://ipfs.io/ipfs/bafybeia5ja4ojsoz3pkmfi2f4kij7g4xh5astcbfyf6kw2mbbuimmhn7d4#i,Al Goanna,{}
435064009,Al Goanna 443,https://ipfs.io/ipfs/bafybeia727oxgly7fxhmnbh4m47nfz5exem7vd5db5b435ecakqggh3zb4#i,Al Goanna,{}
435064696,Al Goanna 444,https://ipfs.io/ipfs/bafybeiawe5ndm5xgblcni7b4qorsmd26xu6o23n4nfzuld7e4w5dl5apam#i,Al Goanna,{}
435065284,Al Goanna 445,https://ipfs.io/ipfs/bafybeicr7hcaxgmgnkrf75zgzemcab4zcvm2qmyyx2rbeu52rwmu53yxiy#i,Al Goanna,{}
435065868,Al Goanna 446,https://ipfs.io/ipfs/bafybeic7g765m37i2gddcd55n2goy3nip6epzgcizhik6sywecyi7r33oi#i,Al Goanna,{}
435066409,Al Goanna 447,https://ipfs.io/ipfs/bafybeidri5ojgyyxfqyiztrshz2lx6kl7chg3k2fvsuaridmaktbrpro3e#i,Al Goanna,{}
435066977,Al Goanna 448,https://ipfs.io/ipfs/bafybeigmm3rfwca5mkqbeovlazpc2naty7stb23p6frt6g6dxirbo4nidm#i,Al Goanna,{}
435067688,Al Goanna 449,https://ipfs.io/ipfs/bafybeieaokowef7rr2vwmo2rttjyus4vqfkfquu747xipscjcfuhdv35j4#i,Al Goanna,{}
435068291,Al Goanna 450,https://ipfs.io/ipfs/bafybeigziimg5url5awn2jkkd44ixqvq3sguwv26abosopjpb6dgn6uwoa#i,Al Goanna,{}
435068763,Al Goanna 451,https://ipfs.io/ipfs/bafybeia4yrrvgjn5oej4bhi3rk5vkj74rvlrwj3o25jlsg2lvitwn3lali#i,Al Goanna,{}
435069474,Al Goanna 452,https://ipfs.io/ipfs/bafybeicfqohigl4sz6eylwvg5fh3n7bsrw2hsbdipqci3lyrpkrifmtpkq#i,Al Goanna,{}
435070411,Al Goanna 453,https://ipfs.io/ipfs/bafybeidmxwncens2kdwwci63hqoehc6ojc275hbdg3kywgjg6vfahiu42y#i,Al Goanna,{}
435071083,Al Goanna 454,https://ipfs.io/ipfs/bafybeiafx67myinzwwspsolsv4mi4cn5ydtcy2hu5pwyp7xpuwzdadivni#i,Al Goanna,{}
435071772,Al Goanna 455,https://ipfs.io/ipfs/bafybeigr67o7d5vyxaa73ztkkz3hvdnh3vlyamzpmwxjcd5x5jfndtpqre#i,Al Goanna,{}
435072993,Al Goanna 456,https://ipfs.io/ipfs/bafybeid6qrjujz56dxk7yd62qsaoyy36hdgtm5wkyxbdveu3lln6gewkka#i,Al Goanna,{}
435073627,Al Goanna 457,https://ipfs.io/ipfs/bafybeiarbfine2wv3fnzgzifxiowpacvtblgvt7jvxdgmt2b7fi6a2u7ku#i,Al Goanna,{}
435074224,Al Goanna 458,https://ipfs.io/ipfs/bafybeidxir4eixer77gt3wt2z3nk3pxrbrlwpi7pgvacbkl6b5iqkmraoi#i,Al Goanna,{}
435074828,Al Goanna 459,https://ipfs.io/ipfs/bafybeih4v7wiy66wyaunabbajanlvdqnx2ehpxxa723uxm4m5koms37v34#i,Al Goanna,{}
435075432,Al Goanna 460,https://ipfs.io/ipfs/bafybeic556ogkk645pizuzhxvmcridvlrtqu4aurumidz7f7ywgkgrli3a#i,Al Goanna,{}
435076139,Al Goanna 461,https://ipfs.io/ipfs/bafybeidr2b6tlfj5lw375vife6bj2lq62kpm5p6ssfxw5au7ebku66gyae#i,Al Goanna,{}
435077024,Al Goanna 462,https://ipfs.io/ipfs/bafybeiarkvn7vhl2nmkdocp2lhhvkaolo7kee5uftc6iwmdlqh6lb4leiq#i,Al Goanna,{}
445431829,Al Goanna 463,https://ipfs.io/ipfs/bafkreiei4mjqjhoeeoa4dm4rlkjzs5hdujhfvpgzjggqm6onplgu67hjcu#i,Al Goanna,{}
445432410,Al Goanna 464,https://ipfs.io/ipfs/bafybeichap5grto6ieg4glmouo63ufoc5kdkiwbektloofuxal2hbgvyja#i,Al Goanna,{}
445437581,Al Goanna 465,https://ipfs.io/ipfs/bafybeiggkzmxmsfbftyacola2lzcp7nxvbhigd4ro6nrhwcjp4f5h4igri#i,Al Goanna,{}
445437910,Al Goanna 466,https://ipfs.io/ipfs/bafybeibj2tqag3pyvykstxtwzucowa2jyos6hsszkzvqrinxhvuix75sgy#i,Al Goanna,{}
445438349,Al Goanna 467,https://ipfs.io/ipfs/bafybeifcjl5hqtx2z7qukr4d2tzx4noydic7vzphc7qk5meawrdj6bwmfy#i,Al Goanna,{}
445439081,Al Goanna 468,https://ipfs.io/ipfs/bafybeihyywa24vazpbgodwusutznifqkibhgxk7hkhqsrjifprvoj3uysi#i,Al Goanna,{}
445439401,Al Goanna 469,https://ipfs.io/ipfs/bafybeiepmkmnaluh46dsfyjt5uthxaopmoxrrj7f7m4j7hkr2s3iyez74a#i,Al Goanna,{}
445439766,Al Goanna 470,https://ipfs.io/ipfs/bafybeigmtdzt3wior7ndh2uah3mg2cnlkm7r6uksw3pkpdqos3qjozchye#i,Al Goanna,{}
445440046,Al Goanna 471,https://ipfs.io/ipfs/bafybeih2she5tdmctdchpv2ecvcyxmh2eanwfyqkmgurlrzlbskc2v2koa#i,Al Goanna,{}
445440302,Al Goanna 472,https://ipfs.io/ipfs/bafkreidcrntprex5afnxntupgj5qed5txsa52bc6zhcjslo4sfgfwc5udm#i,Al Goanna,{}
445440739,Al Goanna 473,https://ipfs.io/ipfs/bafybeifwoqq2fptxr4amj2dj2r6nhoafdirnlhc3xuvsdz3dmbgxk37rla#i,Al Goanna,{}
445441164,Al Goanna 474,https://ipfs.io/ipfs/bafkreienvuzf55y2sikwgctxgtz3w5i2ihofprgt4llwbyxtdw5x3dy5qm#i,Al Goanna,{}
445442004,Al Goanna 475,https://ipfs.io/ipfs/bafybeidir32zvim4xfr3k4nths3r3zw24dc7jsbgx6rhtvjufqclx4numi#i,Al Goanna,{}
445442449,Al Goanna 476,https://ipfs.io/ipfs/bafybeiayibkmzdil5eaqaud4guvsnyjfics5j3mdp7jn7tco5iojret2x4#i,Al Goanna,{}
445442820,Al Goanna 477,https://ipfs.io/ipfs/bafybeiewpda334foduok4aluvj2vfctdhl43uqnmng4jrkfgsj37tddesi#i,Al Goanna,{}
445443099,Al Goanna 478,https://ipfs.io/ipfs/bafybeiec5jc3z5gmt5jrveyqgkjvccmm3hwpx7rscgdodbfjas6to3w5be#i,Al Goanna,{}
445444339,Al Goanna 479,https://ipfs.io/ipfs/bafybeic3h2nip2jfxsncsv7hddjkngyokjtsyuyqatmevuqzbjlojarana#i,Al Goanna,{}
445444628,Al Goanna 480,https://ipfs.io/ipfs/bafybeifbr5jmbcon5id6xre7quc4up25khh7psyzvap74drqlhedbz4ks4#i,Al Goanna,{}
445444972,Al Goanna 481,https://ipfs.io/ipfs/bafybeia5inwi7upe6wak2v3lkg3n3wybw5sybxzcqutup7chpfcq5wdf2u#i,Al Goanna,{}
445445226,Al Goanna 482,https://ipfs.io/ipfs/bafybeigdkywgqgzavw5cdpr6glcuazhu5eff4irulpqzmg75luxlclsgpy#i,Al Goanna,{}
445445646,Al Goanna 483,https://ipfs.io/ipfs/bafybeigdiw4kr7ulezar5b5pyepevjw2ca72c6vcrm3qudinmcv27fnnli#i,Al Goanna,{}
445446049,Al Goanna 484,https://ipfs.io/ipfs/bafybeiaelznmcuo7ty6xw2q3rfw235jdjbeczv5yvip5in452vnzywfarq#i,Al Goanna,{}
445446541,Al Goanna 485,https://ipfs.io/ipfs/bafybeiaefe4hcizqgzs6imosill4oblbqqtcslugn2ose7j6u3ufyo5yvm#i,Al Goanna,{}
445446786,Al Goanna 486,https://ipfs.io/ipfs/bafybeiatluv26k2vo7yt3qmjlxdqjgmyykzmfkpw244t5xlreoj5vsjdoe#i,Al Goanna,{}
445447240,Al Goanna 487,https://ipfs.io/ipfs/bafybeidwizmuvo5rya2v4vhleurczvh3cypstjsxh3kzxyagdis2urqxzu#i,Al Goanna,{}
445447548,Al Goanna 488,https://ipfs.io/ipfs/bafybeic347vdcianxe5dwv47txjcoxqknqzod4bcwvki5mggdfbg6ddspe#i,Al Goanna,{}
445448499,Al Goanna 489,https://ipfs.io/ipfs/bafybeib7f7mt6cha6gzoj5iznmow35hh5pilj446sh5g2rplqkaghp4bd4#i,Al Goanna,{}
